{"cameraMode":{"drawMode":0,"name":"Shaded","section":"Shading Mode"},"sceneLighting":true,"audioPlay":false,"sceneViewState":{"m_AlwaysRefresh":false,"showFog":true,"showSkybox":true,"showFlares":true,"showImageEffects":true,"showParticleSystems":true,"showVisualEffectGraphs":true,"m_FxEnabled":true},"in2DMode":false,"pivot":{"x":808.782958984375,"y":526.0137939453125,"z":634.937255859375},"rotation":{"x":0.015309075824916363,"y":-0.0045043351128697399,"z":0.00006039521758793853,"w":0.9999076724052429},"size":786.4406127929688,"orthographic":false}